Datasource,StationID,Unique.StationID,Latitude,Longitude
CANALWATCH_WQ,19D,CANALWATCH_WQ: 19D,26.60358,-81.92208
CANALWATCH_WQ,21D,CANALWATCH_WQ: 21D,26.60054,-81.94942
CANALWATCH_WQ,28D,CANALWATCH_WQ: 28D,26.62389,-81.98979
CANALWATCH_WQ,3F,CANALWATCH_WQ: 3F,26.55649,-81.97853
CANALWATCH_WQ,41A,CANALWATCH_WQ: 41A,26.66687,-82.00699
CANALWATCH_WQ,48A,CANALWATCH_WQ: 48A,26.65565,-82.00356
CANALWATCH_WQ,52B,CANALWATCH_WQ: 52B,26.66687,-82.00699
CANALWATCH_WQ,58B,CANALWATCH_WQ: 58B,26.64342,-82.05445
CANALWATCH_WQ,64B,CANALWATCH_WQ: 64B,26.55442,-82.00202
CANALWATCH_WQ,69A,CANALWATCH_WQ: 69A,26.55253,-82.02041
CANALWATCH_WQ,6F,CANALWATCH_WQ: 6F,26.5534,-81.94683
CANALWATCH_WQ,74C,CANALWATCH_WQ: 74C,26.57535,-82.03205
CANALWATCH_WQ,82A,CANALWATCH_WQ: 82A,26.69582,-82.06356
CANALWATCH_WQ,90A,CANALWATCH_WQ: 90A,26.72031,-82.06249
CHEVWQMN_WQ,CHV001,CHEVWQMN_WQ: CHV001,26.971111,-82.106389
CHEVWQMN_WQ,CHV002,CHEVWQMN_WQ: CHV002,26.95944,-82.212778
CHEVWQMN_WQ,CHV003,CHEVWQMN_WQ: CHV003,26.994167,-82.199722
CHEVWQMN_WQ,CHV004,CHEVWQMN_WQ: CHV004,26.961667,-82.113056
CHEVWQMN_WQ,CHV006,CHEVWQMN_WQ: CHV006,26.934722,-82.056944
CHEVWQMN_WQ,CHV007,CHEVWQMN_WQ: CHV007,26.909167,-82.095278
CHEVWQMN_WQ,CHV008,CHEVWQMN_WQ: CHV008,26.888056,-82.054444
CHEVWQMN_WQ,CHV009,CHEVWQMN_WQ: CHV009,26.761389,-82.061111
CHEVWQMN_WQ,CHV010,CHEVWQMN_WQ: CHV010,26.706111,-82.165833
CHEVWQMN_WQ,CHV011,CHEVWQMN_WQ: CHV011,26.739167,-82.166389
CHEVWQMN_WQ,CHV012,CHEVWQMN_WQ: CHV012,26.773056,-82.210278
CHEVWQMN_WQ,CHV013,CHEVWQMN_WQ: CHV013,26.98,-82.003333
CHEVWQMN_WQ,EBERS2,CHEVWQMN_WQ: EBERS2,26.438611,-81.84
CHEVWQMN_WQ,EBV001,CHEVWQMN_WQ: EBV001,26.457778,-81.953333
CHEVWQMN_WQ,EBV003,CHEVWQMN_WQ: EBV003,26.429444,-81.858056
CHEVWQMN_WQ,EBV004,CHEVWQMN_WQ: EBV004,26.393611,-81.865556
CHEVWQMN_WQ,EBV005,CHEVWQMN_WQ: EBV005,26.355556,-81.835833
CHEVWQMN_WQ,EBV006,CHEVWQMN_WQ: EBV006,26.426111,-81.892778
CHEVWQMN_WQ,EBV007,CHEVWQMN_WQ: EBV007,26.451667,-81.936389
CHEVWQMN_WQ,GSV001,CHEVWQMN_WQ: GSV001,26.833889,-82.265
CHEVWQMN_WQ,GSV002,CHEVWQMN_WQ: GSV002,26.82722,-82.266944
CHEVWQMN_WQ,GSV005,CHEVWQMN_WQ: GSV005,26.857328,-82.292009
CHEVWQMN_WQ,GSV006,CHEVWQMN_WQ: GSV006,26.834904,-82.290978
CHEVWQMN_WQ,LBANG1,CHEVWQMN_WQ: LBANG1,26.930833,-82.336946
CHEVWQMN_WQ,LBFOR1,CHEVWQMN_WQ: LBFOR1,27.0018,-82.3773
CHEVWQMN_WQ,LBGOT2,CHEVWQMN_WQ: LBGOT2,26.964,-82.3428
CHEVWQMN_WQ,LBOYS1,CHEVWQMN_WQ: LBOYS1,26.921111,-82.333056
CHEVWQMN_WQ,LBV002,CHEVWQMN_WQ: LBV002,26.992222,-82.400833
CHEVWQMN_WQ,LBV003,CHEVWQMN_WQ: LBV003,26.969722,-82.374444
CHEVWQMN_WQ,LBV004,CHEVWQMN_WQ: LBV004,26.934167,-82.352
CHEVWQMN_WQ,LBV005,CHEVWQMN_WQ: LBV005,26.911111,-82.352222
CHEVWQMN_WQ,LBV006,CHEVWQMN_WQ: LBV006,26.8904,-82.3091
CHEVWQMN_WQ,LBV007,CHEVWQMN_WQ: LBV007,26.855833,-82.3031
CHEVWQMN_WQ,MPV001,CHEVWQMN_WQ: MPV001,26.645833,-82.083333
CHEVWQMN_WQ,MPV002,CHEVWQMN_WQ: MPV002,26.625,-82.074167
CHEVWQMN_WQ,MPV003,CHEVWQMN_WQ: MPV003,26.546667,-82.079722
CHEVWQMN_WQ,MPV004,CHEVWQMN_WQ: MPV004,26.502222,-82.061944
CHEVWQMN_WQ,PIV001,CHEVWQMN_WQ: PIV001,26.690833,-82.244722
CHEVWQMN_WQ,PIV002,CHEVWQMN_WQ: PIV002,26.662222,-82.155833
CHEVWQMN_WQ,PIV004,CHEVWQMN_WQ: PIV004,26.552222,-82.196944
CHEVWQMN_WQ,PIV006,CHEVWQMN_WQ: PIV006,26.495,-82.166389
CHEVWQMN_WQ,PIV007,CHEVWQMN_WQ: PIV007,26.558889,-82.128333
CHEVWQMN_WQ,SCV001,CHEVWQMN_WQ: SCV001,26.486111,-82.071944
CHEVWQMN_WQ,SCV002,CHEVWQMN_WQ: SCV002,26.473611,-82.046389
EPC_ROUTINE_MONITORING,139,EPC_ROUTINE_MONITORING: 139,27.7220001,-82.0615997
LAKELAND_WQ,BEULAHWQ,LAKELAND_WQ: BEULAHWQ,28.04077389,-81.9685076
LAKELAND_WQ,BONNETWQ,LAKELAND_WQ: BONNETWQ,28.04798161,-81.97691548
LAKELAND_WQ,HORNEYWQ,LAKELAND_WQ: HORNEYWQ,28.03305019,-81.93905085
LAKELAND_WQ,MIRRORWQ,LAKELAND_WQ: MIRRORWQ,28.04409673,-81.95183649
LAKELAND_WQ,MORTONWQ,LAKELAND_WQ: MORTONWQ,28.03812946,-81.95288714
LAKELAND_WQ,WIREWQ,LAKELAND_WQ: WIREWQ,28.04697505,-81.96042714
LEE_PONDWATCH_WQ,1.1,LEE_PONDWATCH_WQ: 1.1,26.5036528,-81.8962583
LEE_PONDWATCH_WQ,14,LEE_PONDWATCH_WQ: 14,26.5475389,-81.909475
LEE_PONDWATCH_WQ,21,LEE_PONDWATCH_WQ: 21,26.6681583,-81.7945083
LEE_PONDWATCH_WQ,33,LEE_PONDWATCH_WQ: 33,26.716625,-81.737675
LEE_PONDWATCH_WQ,34,LEE_PONDWATCH_WQ: 34,26.7300056,-81.9029833
LEE_PONDWATCH_WQ,35,LEE_PONDWATCH_WQ: 35,26.4240861,-81.7774083
LEE_PONDWATCH_WQ,37,LEE_PONDWATCH_WQ: 37,26.5004806,-81.9001833
LEE_PONDWATCH_WQ,42.1,LEE_PONDWATCH_WQ: 42.1,26.5621889,-81.8880694
LEE_PONDWATCH_WQ,42.2,LEE_PONDWATCH_WQ: 42.2,26.5624361,-81.8868667
LEE_PONDWATCH_WQ,44.2,LEE_PONDWATCH_WQ: 44.2,26.5909806,-81.8271806
LEE_PONDWATCH_WQ,44.3,LEE_PONDWATCH_WQ: 44.3,26.5797861,-81.839875
LEE_PONDWATCH_WQ,44.4,LEE_PONDWATCH_WQ: 44.4,26.5953111,-81.8175611
LEE_PONDWATCH_WQ,50,LEE_PONDWATCH_WQ: 50,26.6759778,-81.793275
LEE_PONDWATCH_WQ,54,LEE_PONDWATCH_WQ: 54,26.5095111,-81.9658278
LEE_PONDWATCH_WQ,55.1,LEE_PONDWATCH_WQ: 55.1,26.5027472,-81.887425
LEE_PONDWATCH_WQ,55.13,LEE_PONDWATCH_WQ: 55.13,26.4989944,-81.8940806
LEE_PONDWATCH_WQ,57,LEE_PONDWATCH_WQ: 57,26.5139639,-81.9699694
LEE_PONDWATCH_WQ,63,LEE_PONDWATCH_WQ: 63,26.5178889,-81.91505
LEE_WQ,10MIFM01,LEE_WQ: 10MIFM01,26.54765,-81.85529
LEE_WQ,10MIFM07,LEE_WQ: 10MIFM07,26.53851,-81.85509
LEE_WQ,10MIGR10,LEE_WQ: 10MIGR10,26.481002,-81.854534
LEE_WQ,10MIGR20,LEE_WQ: 10MIGR20,26.505992,-81.854187
LEE_WQ,10MIGR40,LEE_WQ: 10MIGR40,26.528342,-81.854886
LEE_WQ,10MIGR50,LEE_WQ: 10MIGR50,26.546394,-81.855302
LEE_WQ,10MIGR60,LEE_WQ: 10MIGR60,26.564501,-81.855215
LEE_WQ,10MIGR80,LEE_WQ: 10MIGR80,26.597416,-81.85553
LEE_WQ,10MIGR91,LEE_WQ: 10MIGR91,26.611885,-81.85579301
LEE_WQ,140,LEE_WQ: 140,26.75894777,-82.24165434
LEE_WQ,141,LEE_WQ: 141,26.75894838,-82.22498896
LEE_WQ,142,LEE_WQ: 142,26.75894896,-82.20832354
LEE_WQ,143,LEE_WQ: 143,26.7589496,-82.19165809
LEE_WQ,144,LEE_WQ: 144,26.75895026,-82.17499253
LEE_WQ,145,LEE_WQ: 145,26.75895094,-82.15832734
LEE_WQ,146,LEE_WQ: 146,26.75895155,-82.14166196
LEE_WQ,147,LEE_WQ: 147,26.75895227,-82.12499632
LEE_WQ,148,LEE_WQ: 148,26.75895283,-82.10833086
LEE_WQ,149,LEE_WQ: 149,26.75895352,-82.09166548
LEE_WQ,150,LEE_WQ: 150,26.75895425,-82.07500015
LEE_WQ,152,LEE_WQ: 152,26.74227912,-82.25831903
LEE_WQ,153,LEE_WQ: 153,26.7422798,-82.24165366
LEE_WQ,154,LEE_WQ: 154,26.74228038,-82.22498828
LEE_WQ,155,LEE_WQ: 155,26.74228094,-82.20832283
LEE_WQ,156,LEE_WQ: 156,26.7422816,-82.19165734
LEE_WQ,157,LEE_WQ: 157,26.74228228,-82.17499186
LEE_WQ,158,LEE_WQ: 158,26.74228293,-82.15832663
LEE_WQ,159,LEE_WQ: 159,26.74228364,-82.14166106
LEE_WQ,16-18GR,LEE_WQ: 16-18GR,26.681925,-81.910913
LEE_WQ,16-3GR,LEE_WQ: 16-3GR,26.659968,-81.897703
LEE_WQ,160,LEE_WQ: 160,26.74228427,-82.12499545
LEE_WQ,161,LEE_WQ: 161,26.74228487,-82.10833012
LEE_WQ,162,LEE_WQ: 162,26.74228551,-82.09166478
LEE_WQ,163,LEE_WQ: 163,26.74228621,-82.07499934
LEE_WQ,166,LEE_WQ: 166,26.72561164,-82.24165302
LEE_WQ,167,LEE_WQ: 167,26.72561229,-82.22498762
LEE_WQ,170,LEE_WQ: 170,26.72561422,-82.17499113
LEE_WQ,171,LEE_WQ: 171,26.72561488,-82.15832574
LEE_WQ,172,LEE_WQ: 172,26.72561565,-82.14166019
LEE_WQ,173,LEE_WQ: 173,26.72561621,-82.12499472
LEE_WQ,174,LEE_WQ: 174,26.72561684,-82.10832941
LEE_WQ,175,LEE_WQ: 175,26.72561753,-82.09166399
LEE_WQ,176,LEE_WQ: 176,26.72561818,-82.07499864
LEE_WQ,177,LEE_WQ: 177,26.70894293,-82.25831773
LEE_WQ,178,LEE_WQ: 178,26.70894348,-82.24165219
LEE_WQ,179,LEE_WQ: 179,26.70894425,-82.22498675
LEE_WQ,18-6GR,LEE_WQ: 18-6GR,26.69142,-81.858909
LEE_WQ,180,LEE_WQ: 180,26.70894486,-82.2083213
LEE_WQ,181,LEE_WQ: 181,26.70894555,-82.19165579
LEE_WQ,182,LEE_WQ: 182,26.70894614,-82.17499044
LEE_WQ,185,LEE_WQ: 185,26.70894816,-82.12499398
LEE_WQ,186,LEE_WQ: 186,26.70894883,-82.10832863
LEE_WQ,187,LEE_WQ: 187,26.70894949,-82.09166326
LEE_WQ,20-29GR,LEE_WQ: 20-29GR,26.755381,-81.851405
LEE_WQ,20-9GR,LEE_WQ: 20-9GR,26.704126,-81.844718
LEE_WQ,205,LEE_WQ: 205,26.69227623,-82.22498591
LEE_WQ,207,LEE_WQ: 207,26.69227745,-82.19165497
LEE_WQ,20A-11GR,LEE_WQ: 20A-11GR,26.70862,-81.839682
LEE_WQ,20A-19GR,LEE_WQ: 20A-19GR,26.734018,-81.843601
LEE_WQ,21-7GR,LEE_WQ: 21-7GR,26.715181,-81.82896
LEE_WQ,215,LEE_WQ: 215,26.67560758,-82.2416507
LEE_WQ,216,LEE_WQ: 216,26.67560826,-82.22498523
LEE_WQ,217,LEE_WQ: 217,26.6756089,-82.20831976
LEE_WQ,22-18GR,LEE_WQ: 22-18GR,26.74263,-81.81866
LEE_WQ,22-7GR,LEE_WQ: 22-7GR,26.71514,-81.821969
LEE_WQ,228,LEE_WQ: 228,26.65894149,-82.19165354
LEE_WQ,229,LEE_WQ: 229,26.65894217,-82.17498803
LEE_WQ,23-27GR,LEE_WQ: 23-27GR,26.755464,-81.809495
LEE_WQ,23-5GR,LEE_WQ: 23-5GR,26.715748,-81.808624
LEE_WQ,230,LEE_WQ: 230,26.6589428,-82.15832241
LEE_WQ,237,LEE_WQ: 237,26.64227209,-82.22498385
LEE_WQ,238,LEE_WQ: 238,26.64227274,-82.20831834
LEE_WQ,24-19GR,LEE_WQ: 24-19GR,26.746218,-81.795398
LEE_WQ,24-7GR,LEE_WQ: 24-7GR,26.715065,-81.799786
LEE_WQ,240,LEE_WQ: 240,26.64227414,-82.17498728
LEE_WQ,241,LEE_WQ: 241,26.64227482,-82.15832171
LEE_WQ,25-GR20,LEE_WQ: 25-GR20,26.714956,-81.780001
LEE_WQ,250,LEE_WQ: 250,26.62560543,-82.19165211
LEE_WQ,251,LEE_WQ: 251,26.62560612,-82.17498659
LEE_WQ,259,LEE_WQ: 259,26.60893624,-82.22498214
LEE_WQ,260,LEE_WQ: 260,26.60893685,-82.20831664
LEE_WQ,262,LEE_WQ: 262,26.60893817,-82.17498567
LEE_WQ,263,LEE_WQ: 263,26.60893881,-82.15832024
LEE_WQ,27-6GR,LEE_WQ: 27-6GR,26.740151,-81.73694701
LEE_WQ,272,LEE_WQ: 272,26.59226951,-82.19165036
LEE_WQ,274,LEE_WQ: 274,26.59227079,-82.15831951
LEE_WQ,275,LEE_WQ: 275,26.5922714,-82.14165402
LEE_WQ,276,LEE_WQ: 276,26.59227223,-82.12498835
LEE_WQ,27O-GR20,LEE_WQ: 27O-GR20,26.740289,-81.755697
LEE_WQ,28-5GR,LEE_WQ: 28-5GR,26.727144,-81.718961
LEE_WQ,282,LEE_WQ: 282,26.57560083,-82.20831524
LEE_WQ,284,LEE_WQ: 284,26.57560221,-82.17498407
LEE_WQ,285,LEE_WQ: 285,26.57560291,-82.15831877
LEE_WQ,286,LEE_WQ: 286,26.57560354,-82.14165313
LEE_WQ,287,LEE_WQ: 287,26.57560422,-82.12498741
LEE_WQ,29-8GR,LEE_WQ: 29-8GR,26.730683,-81.701632
LEE_WQ,294,LEE_WQ: 294,26.55893367,-82.19164895
LEE_WQ,295,LEE_WQ: 295,26.55893438,-82.17498334
LEE_WQ,297,LEE_WQ: 297,26.55893564,-82.14165237
LEE_WQ,298,LEE_WQ: 298,26.55893628,-82.12498669
LEE_WQ,304,LEE_WQ: 304,26.54226573,-82.19164823
LEE_WQ,305,LEE_WQ: 305,26.5422664,-82.17498263
LEE_WQ,307,LEE_WQ: 307,26.54226773,-82.14165147
LEE_WQ,308,LEE_WQ: 308,26.54226834,-82.12498588
LEE_WQ,316,LEE_WQ: 316,26.52559841,-82.17498189
LEE_WQ,317,LEE_WQ: 317,26.52559902,-82.15831624
LEE_WQ,319,LEE_WQ: 319,26.52560044,-82.12498517
LEE_WQ,320,LEE_WQ: 320,26.52560112,-82.1083197
LEE_WQ,322,LEE_WQ: 322,26.52560254,-82.07498872
LEE_WQ,323,LEE_WQ: 323,26.52560326,-82.05832315
LEE_WQ,324,LEE_WQ: 324,26.52560399,-82.04165762
LEE_WQ,325,LEE_WQ: 325,26.52560473,-82.02499199
LEE_WQ,328,LEE_WQ: 328,26.50893045,-82.17498115
LEE_WQ,329,LEE_WQ: 329,26.50893109,-82.15831553
LEE_WQ,330,LEE_WQ: 330,26.50893183,-82.14164982
LEE_WQ,331,LEE_WQ: 331,26.50893255,-82.12498436
LEE_WQ,332,LEE_WQ: 332,26.50893318,-82.10831895
LEE_WQ,335,LEE_WQ: 335,26.50893534,-82.05832242
LEE_WQ,336,LEE_WQ: 336,26.50893603,-82.04165677
LEE_WQ,337,LEE_WQ: 337,26.50893674,-82.02499117
LEE_WQ,338,LEE_WQ: 338,26.50893752,-82.00832551
LEE_WQ,342,LEE_WQ: 342,26.49226314,-82.15831478
LEE_WQ,343,LEE_WQ: 343,26.49226394,-82.14164906
LEE_WQ,344,LEE_WQ: 344,26.4922646,-82.12498365
LEE_WQ,345,LEE_WQ: 345,26.49226521,-82.10831819
LEE_WQ,346,LEE_WQ: 346,26.49504398,-82.09443067
LEE_WQ,347,LEE_WQ: 347,26.49226664,-82.07498704
LEE_WQ,348,LEE_WQ: 348,26.49226746,-82.05832143
LEE_WQ,349,LEE_WQ: 349,26.49226807,-82.04165603
LEE_WQ,350,LEE_WQ: 350,26.49226875,-82.02499036
LEE_WQ,351,LEE_WQ: 351,26.49226952,-82.0083247
LEE_WQ,354,LEE_WQ: 354,26.47559532,-82.15831391
LEE_WQ,355,LEE_WQ: 355,26.47559593,-82.14164833
LEE_WQ,356,LEE_WQ: 356,26.47559665,-82.12498294
LEE_WQ,357,LEE_WQ: 357,26.47559737,-82.10831744
LEE_WQ,358,LEE_WQ: 358,26.47559792,-82.09165178
LEE_WQ,359,LEE_WQ: 359,26.47559875,-82.07498594
LEE_WQ,360,LEE_WQ: 360,26.4755994,-82.05832039
LEE_WQ,361,LEE_WQ: 361,26.47560021,-82.04165508
LEE_WQ,362,LEE_WQ: 362,26.47560087,-82.02498959
LEE_WQ,363,LEE_WQ: 363,26.4756016,-82.00832388
LEE_WQ,364,LEE_WQ: 364,26.4756024,-81.99165814
LEE_WQ,365,LEE_WQ: 365,26.4756032,-81.97499238
LEE_WQ,366,LEE_WQ: 366,26.47560398,-81.95832682
LEE_WQ,37-4GR,LEE_WQ: 37-4GR,26.708828,-81.599338
LEE_WQ,371,LEE_WQ: 371,26.45893003,-82.0916509
LEE_WQ,372,LEE_WQ: 372,26.45893076,-82.07498501
LEE_WQ,374,LEE_WQ: 374,26.45893225,-82.04165397
LEE_WQ,375,LEE_WQ: 375,26.45893304,-82.02498863
LEE_WQ,376,LEE_WQ: 376,26.45893372,-82.00832311
LEE_WQ,377,LEE_WQ: 377,26.45893446,-81.99165731
LEE_WQ,378,LEE_WQ: 378,26.45893525,-81.9749915
LEE_WQ,379,LEE_WQ: 379,26.458936,-81.95832597
LEE_WQ,38-3GR,LEE_WQ: 38-3GR,26.715142,-81.672561
LEE_WQ,381,LEE_WQ: 381,26.44226214,-82.09164996
LEE_WQ,382,LEE_WQ: 382,26.44226285,-82.07498423
LEE_WQ,386,LEE_WQ: 386,26.52560629,-81.99166059
LEE_WQ,387,LEE_WQ: 387,26.52560701,-81.97499512
LEE_WQ,389,LEE_WQ: 389,26.52560853,-81.94166384
LEE_WQ,39-GR20,LEE_WQ: 39-GR20,26.718666,-81.68817
LEE_WQ,393,LEE_WQ: 393,26.54227494,-81.97499599
LEE_WQ,394,LEE_WQ: 394,26.54227562,-81.95833043
LEE_WQ,395,LEE_WQ: 395,26.54227637,-81.94166485
LEE_WQ,396,LEE_WQ: 396,26.54227719,-81.92499922
LEE_WQ,40-18GR,LEE_WQ: 40-18GR,26.670344,-81.731887
LEE_WQ,40-32GR,LEE_WQ: 40-32GR,26.640761,-81.685127
LEE_WQ,403,LEE_WQ: 403,26.55894433,-81.94166577
LEE_WQ,404,LEE_WQ: 404,26.55894505,-81.92500016
LEE_WQ,412,LEE_WQ: 412,26.57561301,-81.92500103
LEE_WQ,413,LEE_WQ: 413,26.57561382,-81.90833542
LEE_WQ,417,LEE_WQ: 417,26.59228092,-81.92500202
LEE_WQ,418,LEE_WQ: 418,26.59228173,-81.90833635
LEE_WQ,419,LEE_WQ: 419,26.59228252,-81.89167079
LEE_WQ,423,LEE_WQ: 423,26.60894966,-81.9083373
LEE_WQ,428,LEE_WQ: 428,26.62561762,-81.90833824
LEE_WQ,429,LEE_WQ: 429,26.6256184,-81.89167269
LEE_WQ,435,LEE_WQ: 435,26.64228633,-81.89167364
LEE_WQ,436,LEE_WQ: 436,26.64228712,-81.87500808
LEE_WQ,441,LEE_WQ: 441,26.65895427,-81.8916746
LEE_WQ,442,LEE_WQ: 442,26.65895505,-81.87500905
LEE_WQ,443,LEE_WQ: 443,26.65895584,-81.85834353
LEE_WQ,448,LEE_WQ: 448,26.67562381,-81.85834451
LEE_WQ,449,LEE_WQ: 449,26.67562461,-81.841679
LEE_WQ,450,LEE_WQ: 450,26.67562541,-81.82501346
LEE_WQ,453,LEE_WQ: 453,26.69229255,-81.84167999
LEE_WQ,454,LEE_WQ: 454,26.69229335,-81.82501447
LEE_WQ,455,LEE_WQ: 455,26.69229416,-81.80834897
LEE_WQ,462,LEE_WQ: 462,26.70896292,-81.7916845
LEE_WQ,463,LEE_WQ: 463,26.70896374,-81.77501898
LEE_WQ,46B-9GR,LEE_WQ: 46B-9GR,26.475382,-81.836718
LEE_WQ,46B-L6GR,LEE_WQ: 46B-L6GR,26.459108,-81.826545
LEE_WQ,47A-15GR,LEE_WQ: 47A-15GR,26.434991,-81.810624
LEE_WQ,47A-28GR,LEE_WQ: 47A-28GR,26.445003,-81.788678
LEE_WQ,47A-4GR,LEE_WQ: 47A-4GR,26.440084,-81.827842
LEE_WQ,47B-11GR,LEE_WQ: 47B-11GR,26.40959,-81.81141
LEE_WQ,48-10GR,LEE_WQ: 48-10GR,26.368195,-81.820394
LEE_WQ,48-15GR,LEE_WQ: 48-15GR,26.365087,-81.807608
LEE_WQ,48-25GR,LEE_WQ: 48-25GR,26.362249,-81.790431
LEE_WQ,604,LEE_WQ: 604,26.4756047,-81.94166124
LEE_WQ,608,LEE_WQ: 608,26.47560785,-81.8749986
LEE_WQ,611,LEE_WQ: 611,26.45893674,-81.94166039
LEE_WQ,612,LEE_WQ: 612,26.45893764,-81.92499471
LEE_WQ,613,LEE_WQ: 613,26.45893838,-81.908329
LEE_WQ,615,LEE_WQ: 615,26.45894001,-81.87499762
LEE_WQ,616,LEE_WQ: 616,26.45894078,-81.85833182
LEE_WQ,618,LEE_WQ: 618,26.44226968,-81.92499386
LEE_WQ,619,LEE_WQ: 619,26.44227045,-81.90832823
LEE_WQ,620,LEE_WQ: 620,26.4422712,-81.89166247
LEE_WQ,621,LEE_WQ: 621,26.44227197,-81.87499674
LEE_WQ,622,LEE_WQ: 622,26.44227284,-81.85833098
LEE_WQ,624,LEE_WQ: 624,26.42560327,-81.89166167
LEE_WQ,625,LEE_WQ: 625,26.425604,-81.87499589
LEE_WQ,626,LEE_WQ: 626,26.42560483,-81.85833012
LEE_WQ,629,LEE_WQ: 629,26.40893541,-81.89166079
LEE_WQ,630,LEE_WQ: 630,26.40893617,-81.87499503
LEE_WQ,631,LEE_WQ: 631,26.40893688,-81.85832924
LEE_WQ,632,LEE_WQ: 632,26.4089377,-81.84166371
LEE_WQ,635,LEE_WQ: 635,26.39226893,-81.85832839
LEE_WQ,636,LEE_WQ: 636,26.39226977,-81.84166284
LEE_WQ,638,LEE_WQ: 638,26.37560104,-81.85832746
LEE_WQ,639,LEE_WQ: 639,26.37560184,-81.84166196
LEE_WQ,640,LEE_WQ: 640,26.37560267,-81.82499639
LEE_WQ,642,LEE_WQ: 642,26.35893389,-81.84166108
LEE_WQ,645,LEE_WQ: 645,26.34226601,-81.84166019
LEE_WQ,647,LEE_WQ: 647,26.34226763,-81.80832866
LEE_WQ,BILLGR20,LEE_WQ: BILLGR20,26.654238,-81.840397
LEE_WQ,BILLGR60,LEE_WQ: BILLGR60,26.665215,-81.812236
LEE_WQ,BURNTS,LEE_WQ: BURNTS,26.74351,-82.05483
LEE_WQ,CES01SUR,LEE_WQ: CES01SUR,26.721332,-81.693234
LEE_WQ,CES03BOT,LEE_WQ: CES03BOT,26.71664,-81.76087
LEE_WQ,CES03SUR,LEE_WQ: CES03SUR,26.71664,-81.76087
LEE_WQ,CES04BOT,LEE_WQ: CES04BOT,26.68165,-81.83366
LEE_WQ,CES04SUR,LEE_WQ: CES04SUR,26.68165,-81.83366
LEE_WQ,CES06BOT,LEE_WQ: CES06BOT,26.57856,-81.91242
LEE_WQ,CES06SUR,LEE_WQ: CES06SUR,26.57856,-81.91242
LEE_WQ,CES10SUR,LEE_WQ: CES10SUR,26.52868,-81.99575
LEE_WQ,CYPRESSGR,LEE_WQ: CYPRESSGR,26.726014,-81.627003
LEE_WQ,DEEPGR10,LEE_WQ: DEEPGR10,26.539163,-81.918465
LEE_WQ,DEEPGR50,LEE_WQ: DEEPGR50,26.518371,-81.92352199
LEE_WQ,DEEPGR90,LEE_WQ: DEEPGR90,26.498273,-81.92029
LEE_WQ,EB-01,LEE_WQ: EB-01,26.35982,-81.85771
LEE_WQ,EB-02,LEE_WQ: EB-02,26.352952,-81.843481
LEE_WQ,EB-03,LEE_WQ: EB-03,26.367925,-81.850201
LEE_WQ,EB-04,LEE_WQ: EB-04,26.381892,-81.84116699
LEE_WQ,EB-05,LEE_WQ: EB-05,26.366653,-81.856695
LEE_WQ,EB-06,LEE_WQ: EB-06,26.37758,-81.86013
LEE_WQ,EB-07,LEE_WQ: EB-07,26.39662,-81.846
LEE_WQ,EB-08,LEE_WQ: EB-08,26.405047,-81.880157
LEE_WQ,EB-09,LEE_WQ: EB-09,26.416415,-81.892655
LEE_WQ,EB-10,LEE_WQ: EB-10,26.437317,-81.90845401
LEE_WQ,EB-11,LEE_WQ: EB-11,26.45057,-81.92975
LEE_WQ,EB-12,LEE_WQ: EB-12,26.45078,-81.87081
LEE_WQ,EB-13,LEE_WQ: EB-13,26.429914,-81.862558
LEE_WQ,EB-14,LEE_WQ: EB-14,26.42323,-81.86845
LEE_WQ,GATRGR30,LEE_WQ: GATRGR30,26.694425,-82.039242
LEE_WQ,GATRGR60,LEE_WQ: GATRGR60,26.743816,-81.917174
LEE_WQ,HENDGR01,LEE_WQ: HENDGR01,26.4859,-81.87597
LEE_WQ,HENDGR02,LEE_WQ: HENDGR02,26.50798,-81.87435
LEE_WQ,HENDGR11A,LEE_WQ: HENDGR11A,26.520826,-81.868553
LEE_WQ,HENDGR20,LEE_WQ: HENDGR20,26.527671,-81.875002
LEE_WQ,HENDGR30,LEE_WQ: HENDGR30,26.521056,-81.883313
LEE_WQ,HENDGR40,LEE_WQ: HENDGR40,26.52417,-81.88798
LEE_WQ,HENDGR41,LEE_WQ: HENDGR41,26.52773,-81.88722
LEE_WQ,IMPRGR01,LEE_WQ: IMPRGR01,26.34,-81.83000001
LEE_WQ,IMPRGR30,LEE_WQ: IMPRGR30,26.338792,-81.804903
LEE_WQ,IMPRGR41,LEE_WQ: IMPRGR41,26.338919,-81.78625
LEE_WQ,IMPRGR51,LEE_WQ: IMPRGR51,26.343744,-81.777744
LEE_WQ,IMPRGR80,LEE_WQ: IMPRGR80,26.335865,-81.74936
LEE_WQ,KEHLGR,LEE_WQ: KEHLGR,26.338885,-81.738526
LEE_WQ,LKATMDEP,LEE_WQ: LKATMDEP,26.385272,-81.865017
LEE_WQ,LP-10,LEE_WQ: LP-10,26.525519,-81.880313
LEE_WQ,LP-CT1,LEE_WQ: LP-CT1,26.534534,-81.876887
LEE_WQ,LP-CT2,LEE_WQ: LP-CT2,26.527835,-81.87523
LEE_WQ,LP-CT3,LEE_WQ: LP-CT3,26.528244,-81.883059
LEE_WQ,LP-CUT,LEE_WQ: LP-CUT,26.531874,-81.876932
LEE_WQ,LP-EW,LEE_WQ: LP-EW,26.538926,-81.875141
LEE_WQ,LP-R8,LEE_WQ: LP-R8,26.54319,-81.875313
LEE_WQ,LP-RLFMO,LEE_WQ: LP-RLFMO,26.539208,-81.87572399
LEE_WQ,LP-RLI,LEE_WQ: LP-RLI,26.53964,-81.877382
LEE_WQ,LP-TIPTO,LEE_WQ: LP-TIPTO,26.53161,-81.87343
LEE_WQ,MULLGR01,LEE_WQ: MULLGR01,26.46,-81.87
LEE_WQ,MULLGR02,LEE_WQ: MULLGR02,26.47,-81.86
LEE_WQ,PI-01,LEE_WQ: PI-01,26.50707,-82.01839
LEE_WQ,PI-02,LEE_WQ: PI-02,26.5227,-82.04035
LEE_WQ,PI-03,LEE_WQ: PI-03,26.60552,-82.05987
LEE_WQ,PI-04,LEE_WQ: PI-04,26.660546,-82.089925
LEE_WQ,PI-05,LEE_WQ: PI-05,26.68973,-82.10471
LEE_WQ,PI-07,LEE_WQ: PI-07,26.71419,-82.16712
LEE_WQ,PI-08,LEE_WQ: PI-08,26.71269,-82.24768
LEE_WQ,PI-09,LEE_WQ: PI-09,26.68519,-82.2279
LEE_WQ,PI-10,LEE_WQ: PI-10,26.615136,-82.205214
LEE_WQ,PI-11,LEE_WQ: PI-11,26.55646,-82.17361
LEE_WQ,PI-12,LEE_WQ: PI-12,26.49537,-82.149
LEE_WQ,PI-13,LEE_WQ: PI-13,26.471758,-82.097578
LEE_WQ,PI-14,LEE_WQ: PI-14,26.49266,-82.0483
LEE_WQ,POWLGR20,LEE_WQ: POWLGR20,26.683132,-81.877392
LEE_WQ,POWLGR51,LEE_WQ: POWLGR51,26.683622,-81.874903
LEE_WQ,POWLGR81,LEE_WQ: POWLGR81,26.689801,-81.874989
LEE_WQ,SIXMILE2,LEE_WQ: SIXMILE2,26.603044,-81.800093
LEE_WQ,SIXMILE3,LEE_WQ: SIXMILE3,26.572683,-81.824953
LEE_WQ,SIXMILE4,LEE_WQ: SIXMILE4,26.546815,-81.834275
LEE_WQ,SIXMILE5,LEE_WQ: SIXMILE5,26.521882,-81.85419
LEE_WQ,SPANISHGR,LEE_WQ: SPANISHGR,26.725789,-81.599142
LEE_WQ,WHISGR10,LEE_WQ: WHISGR10,26.57501,-81.890989
LEE_WQ,WHISGR50,LEE_WQ: WHISGR50,26.560851,-81.87213899
LEE_WQ,YFC-CI,LEE_WQ: YFC-CI,26.68322,-81.90427
SARASOTA_COASTALCREEK_WQ,ALL,SARASOTA_COASTALCREEK_WQ: ALL,27.05762,-82.41292
SARASOTA_COASTALCREEK_WQ,ALL-2,SARASOTA_COASTALCREEK_WQ: ALL-2,27.05837,-82.3952
SARASOTA_COASTALCREEK_WQ,ALL-3,SARASOTA_COASTALCREEK_WQ: ALL-3,27.0451,-82.4191
SARASOTA_COASTALCREEK_WQ,BBC,SARASOTA_COASTALCREEK_WQ: BBC,27.11111,-82.35993
SARASOTA_COASTALCREEK_WQ,BGS-B,SARASOTA_COASTALCREEK_WQ: BGS-B,27.11154,-82.20493
SARASOTA_COASTALCREEK_WQ,CC-2,SARASOTA_COASTALCREEK_WQ: CC-2,27.11771,-82.43382
SARASOTA_COASTALCREEK_WQ,CC-3,SARASOTA_COASTALCREEK_WQ: CC-3,27.11145,-82.40949
SARASOTA_COASTALCREEK_WQ,CLG,SARASOTA_COASTALCREEK_WQ: CLG,27.28707,-82.25329
SARASOTA_COASTALCREEK_WQ,CPS-1,SARASOTA_COASTALCREEK_WQ: CPS-1,27.1495,-82.4259
SARASOTA_COASTALCREEK_WQ,CPS-2,SARASOTA_COASTALCREEK_WQ: CPS-2,27.14613,-82.42538
SARASOTA_COASTALCREEK_WQ,CPS-3,SARASOTA_COASTALCREEK_WQ: CPS-3,27.24920659,-82.38609228
SARASOTA_COASTALCREEK_WQ,DPS,SARASOTA_COASTALCREEK_WQ: DPS,27.06437,-82.28704
SARASOTA_COASTALCREEK_WQ,FOR-2,SARASOTA_COASTALCREEK_WQ: FOR-2,27.0048,-82.3825
SARASOTA_COASTALCREEK_WQ,HAT-1,SARASOTA_COASTALCREEK_WQ: HAT-1,27.09993,-82.42496
SARASOTA_COASTALCREEK_WQ,HWC,SARASOTA_COASTALCREEK_WQ: HWC,27.2765146,-82.32139794
SARASOTA_COASTALCREEK_WQ,WMS-1,SARASOTA_COASTALCREEK_WQ: WMS-1,27.05971,-82.26093
SARASOTA_COASTALCREEK_WQ,WOD,SARASOTA_COASTALCREEK_WQ: WOD,27.0356,-82.41444
SARASOTAES_WQ,14-5,SARASOTAES_WQ: 14-5,27.18635461,-82.49545804
SARASOTAES_WQ,16-1,SARASOTAES_WQ: 16-1,27.17360523,-82.49141229
SARASOTAES_WQ,16-2,SARASOTAES_WQ: 16-2,27.16123714,-82.48416364
SARASOTAES_WQ,16-3,SARASOTAES_WQ: 16-3,27.15046847,-82.47690338
SARASOTAES_WQ,16-4,SARASOTAES_WQ: 16-4,27.14105153,-82.4719149
SARASOTAES_WQ,16-5,SARASOTAES_WQ: 16-5,27.13114058,-82.47005575
SARASOTAES_WQ,DR-1,SARASOTAES_WQ: DR-1,27.12286941,-82.46312493
SARASOTAES_WQ,DR-2,SARASOTAES_WQ: DR-2,27.11967412,-82.45153749
SARASOTAES_WQ,DR-3,SARASOTAES_WQ: DR-3,27.11290805,-82.46128292
SARASOTAES_WQ,DR-4,SARASOTAES_WQ: DR-4,27.10955594,-82.44923355
SARASOTAES_WQ,DR-5,SARASOTAES_WQ: DR-5,27.08031033,-82.43038196
SARASOTAES_WQ,LB-1,SARASOTAES_WQ: LB-1,27.04047111,-82.42936917
SARASOTAES_WQ,LB-2,SARASOTAES_WQ: LB-2,27.01738815,-82.41416197
SARASOTAES_WQ,LB-3,SARASOTAES_WQ: LB-3,26.99530973,-82.39946229
SARASOTAES_WQ,LB-4,SARASOTAES_WQ: LB-4,26.97569984,-82.38506897
SARASOTAES_WQ,LB-5,SARASOTAES_WQ: LB-5,26.95521037,-82.36855164
SWFWMD_HYDRO,17565,SWFWMD_HYDRO: 17565,28.10708333,-81.91030556
SWFWMD_HYDRO,17620,SWFWMD_HYDRO: 17620,28.10418055,-81.95007222
SWFWMD_HYDRO,18123,SWFWMD_HYDRO: 18123,27.64780833,-82.05396945
SWFWMD_HYDRO,18124,SWFWMD_HYDRO: 18124,27.74836389,-81.89146667
SWFWMD_HYDRO,23960,SWFWMD_HYDRO: 23960,27.58341667,-81.58880555
SWFWMD_HYDRO,24007,SWFWMD_HYDRO: 24007,27.36637778,-82.00706389
SWFWMD_HYDRO,24117,SWFWMD_HYDRO: 24117,27.20911945,-81.65605833
SWFWMD_HYDRO,24361,SWFWMD_HYDRO: 24361,27.06118334,-81.88398889
SWFWMD_HYDRO,24445,SWFWMD_HYDRO: 24445,27.03144167,-82.00023056
SWFWMD_HYDRO,24573,SWFWMD_HYDRO: 24573,27.09001111,-82.01062222
SWFWMD_HYDRO,24710,SWFWMD_HYDRO: 24710,26.77239444,-82.03584444
SWFWMD_HYDRO,25056,SWFWMD_HYDRO: 25056,26.92561667,-82.32981389
SWFWMD_HYDRO,25094,SWFWMD_HYDRO: 25094,26.94581389,-81.80770278
SWFWMD_HYDRO,25146,SWFWMD_HYDRO: 25146,27.91891111,-81.59340278
SWFWMD_HYDRO,25151,SWFWMD_HYDRO: 25151,28.03390556,-81.64479166
SWFWMD_HYDRO,25156,SWFWMD_HYDRO: 25156,27.73391666,-81.59145834
SWFWMD_HYDRO,25157,SWFWMD_HYDRO: 25157,27.76336111,-81.78563056
SWFWMD_HYDRO,25167,SWFWMD_HYDRO: 25167,28.02038056,-81.73141944
SWFWMD_HYDRO,25170,SWFWMD_HYDRO: 25170,28.08445833,-81.66229167
SWFWMD_HYDRO,25172,SWFWMD_HYDRO: 25172,27.49586111,-81.74588889
SWFWMD_HYDRO,25176,SWFWMD_HYDRO: 25176,28.04696111,-81.91201667
SWFWMD_HYDRO,25177,SWFWMD_HYDRO: 25177,27.47087222,-82.06313611
SWFWMD_HYDRO,25191,SWFWMD_HYDRO: 25191,27.63864166,-81.83590834
SWFWMD_HYDRO,25192,SWFWMD_HYDRO: 25192,27.45420556,-81.91618889
SWFWMD_HYDRO,25195,SWFWMD_HYDRO: 25195,27.4581,-81.79618889
SWFWMD_HYDRO,25199,SWFWMD_HYDRO: 25199,27.17421667,-81.97646944
SWFWMD_HYDRO,25200,SWFWMD_HYDRO: 25200,27.187825,-81.77396389
SWFWMD_HYDRO,25207,SWFWMD_HYDRO: 25207,27.07171944,-81.61563056
SWFWMD_HYDRO,25208,SWFWMD_HYDRO: 25208,27.04113055,-81.74224722
SWFWMD_HYDRO,25210,SWFWMD_HYDRO: 25210,27.29948889,-81.8248
SWFWMD_HYDRO,25218,SWFWMD_HYDRO: 25218,26.94422778,-82.21841944
SWFWMD_HYDRO,25220,SWFWMD_HYDRO: 25220,26.84089722,-81.981475
SWFWMD_HYDRO,25225,SWFWMD_HYDRO: 25225,26.97728055,-81.93619167
SWFWMD_HYDRO,25544,SWFWMD_HYDRO: 25544,27.82442778,-81.59800278
SWFWMD_HYDRO,25600,SWFWMD_HYDRO: 25600,27.05803889,-82.44126111
SWFWMD_HYDRO,25603,SWFWMD_HYDRO: 25603,27.19313056,-82.130125
SWFWMD_HYDRO,25604,SWFWMD_HYDRO: 25604,27.17282777,-82.25425277
SWFWMD_HYDRO,25605,SWFWMD_HYDRO: 25605,27.13588611,-82.45120278
SWFWMD_HYDRO,25607,SWFWMD_HYDRO: 25607,27.19143889,-82.47953611
SWFWMD_HYDRO,25608,SWFWMD_HYDRO: 25608,27.24411111,-82.31388889
SWFWMD_HYDRO,25622,SWFWMD_HYDRO: 25622,27.31532223,-82.17730834
SWFWMD_HYDRO,25623,SWFWMD_HYDRO: 25623,27.45810277,-82.25786389
SWFWMD_HYDRO,25802,SWFWMD_HYDRO: 25802,27.39199722,-82.13969722
SWFWMD_HYDRO,25812,SWFWMD_HYDRO: 25812,27.39866945,-82.21136111
SWFWMD_HYDRO,25829,SWFWMD_HYDRO: 25829,27.31226667,-82.33786667
SWFWMD_HYDRO,25835,SWFWMD_HYDRO: 25835,27.07634167,-82.14884723
SWFWMD_HYDRO,26020,SWFWMD_HYDRO: 26020,27.15978333,-82.40309167
SWFWMD_HYDRO,26344,SWFWMD_HYDRO: 26344,28.13129444,-81.69102778
SWFWMD_HYDRO,670227,SWFWMD_HYDRO: 670227,27.07776111,-82.25421389
SWFWMD_HYDRO,749784,SWFWMD_HYDRO: 749784,27.59746389,-81.841975
USGS_NWIS,2292900,USGS_NWIS: 02292900,26.723957,-81.6984149
USGS_NWIS,2299260,USGS_NWIS: 02299260,27.0595011,-82.2609258
USGS_NWIS,2299727,USGS_NWIS: 02299727,27.1439425,-82.4300958
USGS_NWIS,2299735,USGS_NWIS: 02299735,27.1122222,-82.4655556
WIN_21FLCHAR,CHV001,21FLCHAR: CHV001,26.9711111,-82.1063889
WIN_21FLCHAR,CHV002,21FLCHAR: CHV002,26.95944,-82.212778
WIN_21FLCHAR,CHV003,21FLCHAR: CHV003,26.994438,-82.200716
WIN_21FLCHAR,CHV004,21FLCHAR: CHV004,26.96056,-82.11284
WIN_21FLCHAR,CHV006,21FLCHAR: CHV006,26.9347222,-82.0569444
WIN_21FLCHAR,CHV007,21FLCHAR: CHV007,26.90925,-82.09495
WIN_21FLCHAR,CHV008,21FLCHAR: CHV008,26.88813,-82.053275
WIN_21FLCHAR,CHV009,21FLCHAR: CHV009,26.761311,-82.061278
WIN_21FLCHAR,CHV010,21FLCHAR: CHV010,26.706716,-82.163714
WIN_21FLCHAR,CHV011,21FLCHAR: CHV011,26.7391667,-82.1663889
WIN_21FLCHAR,CHV012,21FLCHAR: CHV012,26.77119,-82.20995
WIN_21FLCHAR,CHV013,21FLCHAR: CHV013,26.979601,-82.003206
WIN_21FLCHAR,EBERS2,21FLCHAR: EBERS2,26.4386111,-81.84
WIN_21FLCHAR,EBV001,21FLCHAR: EBV001,26.457727,-81.953216
WIN_21FLCHAR,EBV003,21FLCHAR: EBV003,26.4309,-81.8617
WIN_21FLCHAR,EBV004,21FLCHAR: EBV004,26.3935,-81.8661
WIN_21FLCHAR,EBV005,21FLCHAR: EBV005,26.35842,-81.83762
WIN_21FLCHAR,EBV006,21FLCHAR: EBV006,26.4261111,-81.8927778
WIN_21FLCHAR,EBV007,21FLCHAR: EBV007,26.44627,-81.92725
WIN_21FLCHAR,GSV001,21FLCHAR: GSV001,26.8338889,-82.265
WIN_21FLCHAR,GSV002,21FLCHAR: GSV002,26.82707,-82.2671583
WIN_21FLCHAR,GSV005,21FLCHAR: GSV005,26.85736,-82.29205
WIN_21FLCHAR,GSV006         ,21FLCHAR: GSV006,26.834931,-82.29096
WIN_21FLCHAR,LBANG1,21FLCHAR: LBANG1,26.930502,-82.336299
WIN_21FLCHAR,LBFOR1,21FLCHAR: LBFOR1,27.001401,-82.377741
WIN_21FLCHAR,LBGOT2,21FLCHAR: LBGOT2,26.964,-82.3428
WIN_21FLCHAR,LBOYS1,21FLCHAR: LBOYS1,26.92275,-82.331717
WIN_21FLCHAR,LBV002,21FLCHAR: LBV002,26.9922222,-82.4008333
WIN_21FLCHAR,LBV003,21FLCHAR: LBV003,26.9697222,-82.3744444
WIN_21FLCHAR,LBV004,21FLCHAR: LBV004,26.9341667,-82.352
WIN_21FLCHAR,LBV005,21FLCHAR: LBV005,26.9111111,-82.3522222
WIN_21FLCHAR,LBV006,21FLCHAR: LBV006,26.89039,-82.3091
WIN_21FLCHAR,LBV007,21FLCHAR: LBV007,26.8558333,-82.3031
WIN_21FLCHAR,MPV001,21FLCHAR: MPV001,26.6441666,-82.081555
WIN_21FLCHAR,MPV002,21FLCHAR: MPV002,26.625,-82.0741667
WIN_21FLCHAR,MPV003,21FLCHAR: MPV003,26.5466667,-82.0797222
WIN_21FLCHAR,MPV004,21FLCHAR: MPV004,26.5022222,-82.0619444
WIN_21FLCHAR,PIV001,21FLCHAR: PIV001,26.6908333,-82.2447222
WIN_21FLCHAR,PIV002,21FLCHAR: PIV002,26.6622222,-82.1558333
WIN_21FLCHAR,PIV004,21FLCHAR: PIV004,26.5522222,-82.1969444
WIN_21FLCHAR,PIV006,21FLCHAR: PIV006,26.495,-82.1663889
WIN_21FLCHAR,PIV007,21FLCHAR: PIV007,26.5588889,-82.1283333
WIN_21FLCHAR,SCV001,21FLCHAR: SCV001,26.4861111,-82.0719444
WIN_21FLCHAR,SCV002,21FLCHAR: SCV002,26.473611,-82.0463889
WIN_21FLFTM,SARABY0024FTM,21FLFTM: SARABY0024FTM,26.946793,-82.346531
WIN_21FLFTM,SARABY0035FTM,21FLFTM: SARABY0035FTM,27.035501,-82.414583
WIN_21FLGW,3499,21FLGW: 3499,27.10056878,-82.33313425
WIN_21FLGW,3556,21FLGW: 3556,27.22116433,-81.8763774
WIN_21FLGW,3568,21FLGW: 3568,26.72120566,-81.69324806
WIN_21FLKWAT,CHA-BAL-HARBR-1,21FLKWAT: CHA-BAL-HARBR-1,26.8911,-82.0661
WIN_21FLKWAT,CHA-BUCKCK-WR-1,21FLKWAT: CHA-BUCKCK-WR-1,26.8977,-82.296
WIN_21FLKWAT,CHA-BUCKCK-WR-2,21FLKWAT: CHA-BUCKCK-WR-2,26.8964,-82.2968
WIN_21FLKWAT,CHA-BUCKCK-WR-3,21FLKWAT: CHA-BUCKCK-WR-3,26.8951,-82.2964
WIN_21FLKWAT,CHA-CASADEMED-1,21FLKWAT: CHA-CASADEMED-1,26.914,-82.3141
WIN_21FLKWAT,CHA-CASADEMED-2,21FLKWAT: CHA-CASADEMED-2,26.914,-82.3148
WIN_21FLKWAT,CHA-CASADEMED-3,21FLKWAT: CHA-CASADEMED-3,26.9141,-82.3158
WIN_21FLKWAT,CHA-L-6-1,21FLKWAT: CHA-L-6-1,26.90939999,-82.2646
WIN_21FLKWAT,CHA-L-6-2,21FLKWAT: CHA-L-6-2,26.90929999,-82.2643
WIN_21FLKWAT,CHA-L-6-3,21FLKWAT: CHA-L-6-3,26.90919999,-82.264
WIN_21FLKWAT,CHA-LC-1-1,21FLKWAT: CHA-LC-1-1,26.8806,-82.3081
WIN_21FLKWAT,CHA-LC-2-1,21FLKWAT: CHA-LC-2-1,26.8789,-82.3084
WIN_21FLKWAT,CHA-LC-3-1,21FLKWAT: CHA-LC-3-1,26.878,-82.308
WIN_21FLKWAT,CHA-OAKLH-ED-1,21FLKWAT: CHA-OAKLH-ED-1,26.8791,-82.2914
WIN_21FLKWAT,CHA-OAKLH-ED-2,21FLKWAT: CHA-OAKLH-ED-2,26.8782,-82.2901
WIN_21FLKWAT,CHA-OAKLH-ED-3,21FLKWAT: CHA-OAKLH-ED-3,26.8774,-82.2897
WIN_21FLKWAT,CHA-PINEV-ED-1,21FLKWAT: CHA-PINEV-ED-1,26.8709,-82.2722
WIN_21FLKWAT,CHA-PINEV-ED-2,21FLKWAT: CHA-PINEV-ED-2,26.8711,-82.2705
WIN_21FLKWAT,CHA-PINEV-ED-3,21FLKWAT: CHA-PINEV-ED-3,26.8712,-82.2686
WIN_21FLKWAT,CHA-PINEV-WR-1,21FLKWAT: CHA-PINEV-WR-1,26.8862,-82.2669
WIN_21FLKWAT,CHA-PINEV-WR-2,21FLKWAT: CHA-PINEV-WR-2,26.8857,-82.2662
WIN_21FLKWAT,CHA-PINEV-WR-3,21FLKWAT: CHA-PINEV-WR-3,26.8851,-82.2657
WIN_21FLKWAT,CHA-WHITEMI-1,21FLKWAT: CHA-WHITEMI-1,26.8887,-82.2485
WIN_21FLKWAT,CHA-WHITEMI-2,21FLKWAT: CHA-WHITEMI-2,26.8881,-82.2483
WIN_21FLKWAT,CHA-WHITEMI-3,21FLKWAT: CHA-WHITEMI-3,26.8876,-82.2488
WIN_21FLKWAT,CHA-WHITEMW-1,21FLKWAT: CHA-WHITEMW-1,26.8871,-82.2647
WIN_21FLKWAT,CHA-WHITEMW-2,21FLKWAT: CHA-WHITEMW-2,26.8878,-82.2655
WIN_21FLKWAT,CHA-WHITEMW-3,21FLKWAT: CHA-WHITEMW-3,26.8864,-82.2639
WIN_21FLKWAT,COL-QUARRY-1,21FLKWAT: COL-QUARRY-1,26.287,-81.6786
WIN_21FLKWAT,HIG-ADELAIDE-1,21FLKWAT: HIG-ADELAIDE-1,27.64359999,-81.5313
WIN_21FLKWAT,HIG-ADELAIDE-2,21FLKWAT: HIG-ADELAIDE-2,27.63959999,-81.5316
WIN_21FLKWAT,HIG-ADELAIDE-3,21FLKWAT: HIG-ADELAIDE-3,27.63769999,-81.5324
WIN_21FLKWAT,HIG-DAMON-1,21FLKWAT: HIG-DAMON-1,27.637,-81.5082
WIN_21FLKWAT,HIG-DAMON-2,21FLKWAT: HIG-DAMON-2,27.6335,-81.5094
WIN_21FLKWAT,HIG-DAMON-3,21FLKWAT: HIG-DAMON-3,27.6331,-81.5142
WIN_21FLKWAT,HIG-GLENADA-1,21FLKWAT: HIG-GLENADA-1,27.5646,-81.5106
WIN_21FLKWAT,HIG-GLENADA-2,21FLKWAT: HIG-GLENADA-2,27.5648,-81.5078
WIN_21FLKWAT,HIG-GLENADA-3,21FLKWAT: HIG-GLENADA-3,27.5632,-81.5014
WIN_21FLKWAT,HIG-JACKSON-3,21FLKWAT: HIG-JACKSON-3,27.508,-81.4772
WIN_21FLKWAT,HIG-LELIA-1,21FLKWAT: HIG-LELIA-1,27.5737,-81.5014
WIN_21FLKWAT,HIG-LELIA-2,21FLKWAT: HIG-LELIA-2,27.5734,-81.5042
WIN_21FLKWAT,HIG-LELIA-3,21FLKWAT: HIG-LELIA-3,27.5733,-81.5091
WIN_21FLKWAT,HIG-LILLIAN-1,21FLKWAT: HIG-LILLIAN-1,27.6315,-81.5186
WIN_21FLKWAT,HIG-LILLIAN-2,21FLKWAT: HIG-LILLIAN-2,27.6305,-81.5208
WIN_21FLKWAT,HIG-LILLIAN-3,21FLKWAT: HIG-LILLIAN-3,27.6322,-81.5201
WIN_21FLKWAT,HIG-OLIVIA-1,21FLKWAT: HIG-OLIVIA-1,27.63159999,-81.5491
WIN_21FLKWAT,HIG-OLIVIA-2,21FLKWAT: HIG-OLIVIA-2,27.63229999,-81.5474
WIN_21FLKWAT,HIG-OLIVIA-3,21FLKWAT: HIG-OLIVIA-3,27.63389999,-81.5454
WIN_21FLKWAT,HIG-SEBRING-1,21FLKWAT: HIG-SEBRING-1,27.522,-81.4843
WIN_21FLKWAT,HIG-SEBRING-2,21FLKWAT: HIG-SEBRING-2,27.528,-81.4844
WIN_21FLKWAT,HIG-SEBRING-3,21FLKWAT: HIG-SEBRING-3,27.5332,-81.4862
WIN_21FLKWAT,HIG-TULANE-1,21FLKWAT: HIG-TULANE-1,27.5846,-81.5037
WIN_21FLKWAT,HIG-TULANE-2,21FLKWAT: HIG-TULANE-2,27.5863,-81.504
WIN_21FLKWAT,HIG-TULANE-3,21FLKWAT: HIG-TULANE-3,27.5883,-81.5042
WIN_21FLKWAT,HIG-VERONA-1,21FLKWAT: HIG-VERONA-1,27.5993,-81.4971
WIN_21FLKWAT,HIG-VERONA-2,21FLKWAT: HIG-VERONA-2,27.5978,-81.497
WIN_21FLKWAT,HIG-VERONA-3,21FLKWAT: HIG-VERONA-3,27.5964,-81.497
WIN_21FLKWAT,HIG-VIOLA-1,21FLKWAT: HIG-VIOLA-1,27.6149,-81.4944
WIN_21FLKWAT,HIG-VIOLA-2,21FLKWAT: HIG-VIOLA-2,27.6132,-81.495
WIN_21FLKWAT,HIG-VIOLA-3,21FLKWAT: HIG-VIOLA-3,27.6119,-81.4958
WIN_21FLKWAT,HIG-WOLF-1,21FLKWAT: HIG-WOLF-1,27.4214,-81.4715
WIN_21FLKWAT,HIG-WOLF-2,21FLKWAT: HIG-WOLF-2,27.4222,-81.4745
WIN_21FLKWAT,HIG-WOLF-3,21FLKWAT: HIG-WOLF-3,27.4231,-81.4764
WIN_21FLKWAT,LEE-HARBORAGE-1,21FLKWAT: LEE-HARBORAGE-1,26.4807,-81.8455
WIN_21FLKWAT,LEE-HARBORAGE-2,21FLKWAT: LEE-HARBORAGE-2,26.4807,-81.8439
WIN_21FLKWAT,LEE-HARBORAGE-3,21FLKWAT: LEE-HARBORAGE-3,26.4807,-81.842
WIN_21FLKWAT,LEE-HARBORAGW-1,21FLKWAT: LEE-HARBORAGW-1,26.4859,-81.8514
WIN_21FLKWAT,LEE-HARBORAGW-2,21FLKWAT: LEE-HARBORAGW-2,26.4824,-81.8514
WIN_21FLKWAT,LEE-HARBORAGW-3,21FLKWAT: LEE-HARBORAGW-3,26.4812,-81.8482
WIN_21FLKWAT,LEE-LOVKEY-2,21FLKWAT: LEE-LOVKEY-2,26.40019999,-81.8705
WIN_21FLKWAT,LEE-LOVKEY-3,21FLKWAT: LEE-LOVKEY-3,26.38309999,-81.8667
WIN_21FLKWAT,LEE-SANDOV-1-1,21FLKWAT: LEE-SANDOV-1-1,26.6107,-82.0257
WIN_21FLKWAT,LEE-SANDOV-1-2,21FLKWAT: LEE-SANDOV-1-2,26.6106,-82.0264
WIN_21FLKWAT,LEE-SANDOV-1-3,21FLKWAT: LEE-SANDOV-1-3,26.6101,-82.027
WIN_21FLKWAT,LEE-SANDOV-13-1,21FLKWAT: LEE-SANDOV-13-1,26.6176,-82.0281
WIN_21FLKWAT,LEE-SANDOV-13-2,21FLKWAT: LEE-SANDOV-13-2,26.6173,-82.0299
WIN_21FLKWAT,LEE-SANDOV-13-3,21FLKWAT: LEE-SANDOV-13-3,26.6182,-82.03
WIN_21FLKWAT,LEE-SANDOV-15-1,21FLKWAT: LEE-SANDOV-15-1,26.6214,-82.0282
WIN_21FLKWAT,LEE-SANDOV-15-2,21FLKWAT: LEE-SANDOV-15-2,26.6221,-82.0295
WIN_21FLKWAT,LEE-SANDOV-15-3,21FLKWAT: LEE-SANDOV-15-3,26.6229,-82.0304
WIN_21FLKWAT,LEE-SANDOV-18-1,21FLKWAT: LEE-SANDOV-18-1,26.6254,-82.0281
WIN_21FLKWAT,LEE-SANDOV-18-2,21FLKWAT: LEE-SANDOV-18-2,26.6253,-82.0293
WIN_21FLKWAT,LEE-SANDOV-18-3,21FLKWAT: LEE-SANDOV-18-3,26.6251,-82.0303
WIN_21FLKWAT,LEE-SANDOV-20-1,21FLKWAT: LEE-SANDOV-20-1,26.62862099,-82.0284
WIN_21FLKWAT,LEE-SANDOV-20-2,21FLKWAT: LEE-SANDOV-20-2,26.6282,-82.0294
WIN_21FLKWAT,LEE-SANDOV-20-3,21FLKWAT: LEE-SANDOV-20-3,26.6281,-82.0306
WIN_21FLKWAT,LEE-SANDOV-6-1,21FLKWAT: LEE-SANDOV-6-1,26.6207,-82.0254
WIN_21FLKWAT,LEE-SANDOV-6-2,21FLKWAT: LEE-SANDOV-6-2,26.6206,-82.0247
WIN_21FLKWAT,LEE-SANDOV-6-3,21FLKWAT: LEE-SANDOV-6-3,26.6207,-82.0254
WIN_21FLKWAT,POL-ARIETTA-1,21FLKWAT: POL-ARIETTA-1,28.1067,-81.8027
WIN_21FLKWAT,POL-ARIETTA-2,21FLKWAT: POL-ARIETTA-2,28.0993,-81.8028
WIN_21FLKWAT,POL-ARIETTA-3,21FLKWAT: POL-ARIETTA-3,28.1037,-81.8105
WIN_21FLKWAT,POL-BIGBASS-1,21FLKWAT: POL-BIGBASS-1,27.8759,-81.8539
WIN_21FLKWAT,POL-BIGBASS-2,21FLKWAT: POL-BIGBASS-2,27.8759,-81.8544
WIN_21FLKWAT,POL-BIGBASS-3,21FLKWAT: POL-BIGBASS-3,27.8756,-81.8546
WIN_21FLKWAT,POL-BOCACOVE-1,21FLKWAT: POL-BOCACOVE-1,27.874,-81.8528
WIN_21FLKWAT,POL-BOCACOVE-2,21FLKWAT: POL-BOCACOVE-2,27.8737,-81.8529
WIN_21FLKWAT,POL-BOCACOVE-3,21FLKWAT: POL-BOCACOVE-3,27.8733,-81.853
WIN_21FLKWAT,POL-CROOKED-2,21FLKWAT: POL-CROOKED-2,27.8385,-81.5562
WIN_21FLKWAT,POL-CROOKED-3,21FLKWAT: POL-CROOKED-3,27.8318,-81.5699
WIN_21FLKWAT,POL-CROOKED-4,21FLKWAT: POL-CROOKED-4,27.8197,-81.5868
WIN_21FLKWAT,POL-CROOKED-S-1,21FLKWAT: POL-CROOKED-S-1,27.8333,-81.5434
WIN_21FLKWAT,POL-DAISY-1,21FLKWAT: POL-DAISY-1,27.998,-81.6612
WIN_21FLKWAT,POL-DAISY-2,21FLKWAT: POL-DAISY-2,27.9961,-81.6604
WIN_21FLKWAT,POL-DAISY-3,21FLKWAT: POL-DAISY-3,27.9949,-81.6585
WIN_21FLKWAT,POL-DINNER-1,21FLKWAT: POL-DINNER-1,27.9937,-81.7853
WIN_21FLKWAT,POL-DINNER-2,21FLKWAT: POL-DINNER-2,27.9937,-81.7866
WIN_21FLKWAT,POL-DINNER-3,21FLKWAT: POL-DINNER-3,27.9937,-81.7877
WIN_21FLKWAT,POL-EAGLE-1,21FLKWAT: POL-EAGLE-1,27.99679999,-81.765
WIN_21FLKWAT,POL-EAGLE-2,21FLKWAT: POL-EAGLE-2,27.98789999,-81.7656
WIN_21FLKWAT,POL-EAGLE-3,21FLKWAT: POL-EAGLE-3,27.97689999,-81.7701
WIN_21FLKWAT,POL-ELOISE-1,21FLKWAT: POL-ELOISE-1,27.99109999,-81.704
WIN_21FLKWAT,POL-ELOISE-2,21FLKWAT: POL-ELOISE-2,27.98449999,-81.705
WIN_21FLKWAT,POL-ELOISE-3,21FLKWAT: POL-ELOISE-3,27.97559999,-81.7061
WIN_21FLKWAT,POL-FANNIE-1,21FLKWAT: POL-FANNIE-1,28.05219999,-81.6915
WIN_21FLKWAT,POL-FANNIE-2,21FLKWAT: POL-FANNIE-2,28.05909999,-81.6902
WIN_21FLKWAT,POL-FANNIE-3,21FLKWAT: POL-FANNIE-3,28.06649999,-81.6918
WIN_21FLKWAT,POL-FAUNA-1,21FLKWAT: POL-FAUNA-1,27.8778,-81.8547
WIN_21FLKWAT,POL-FAUNA-2,21FLKWAT: POL-FAUNA-2,27.8777,-81.8536
WIN_21FLKWAT,POL-FAUNA-3,21FLKWAT: POL-FAUNA-3,27.8777,-81.8524
WIN_21FLKWAT,POL-FLORA-1,21FLKWAT: POL-FLORA-1,27.8736,-81.8504
WIN_21FLKWAT,POL-FLORA-2,21FLKWAT: POL-FLORA-2,27.8734,-81.8498
WIN_21FLKWAT,POL-FLORA-3,21FLKWAT: POL-FLORA-3,27.8733,-81.8491
WIN_21FLKWAT,POL-GASKIN'S-1,21FLKWAT: POL-GASKIN'S-1,27.8744,-81.854
WIN_21FLKWAT,POL-GASKIN'S-2,21FLKWAT: POL-GASKIN'S-2,27.8736,-81.8542
WIN_21FLKWAT,POL-GASKIN'S-3,21FLKWAT: POL-GASKIN'S-3,27.873,-81.8543
WIN_21FLKWAT,POL-LITTLEBA-1,21FLKWAT: POL-LITTLEBA-1,27.8753,-81.8525
WIN_21FLKWAT,POL-LITTLEBA-2,21FLKWAT: POL-LITTLEBA-2,27.8755,-81.8522
WIN_21FLKWAT,POL-LITTLEBA-3,21FLKWAT: POL-LITTLEBA-3,27.8759,-81.8522
WIN_21FLKWAT,POL-LITTLEWI-1,21FLKWAT: POL-LITTLEWI-1,27.9658,-81.6812
WIN_21FLKWAT,POL-LITTLEWI-2,21FLKWAT: POL-LITTLEWI-2,27.964,-81.6813
WIN_21FLKWAT,POL-LITTLEWI-3,21FLKWAT: POL-LITTLEWI-3,27.9646,-81.6791
WIN_21FLKWAT,POL-LULU-1,21FLKWAT: POL-LULU-1,27.99669999,-81.7266
WIN_21FLKWAT,POL-LULU-2,21FLKWAT: POL-LULU-2,27.99559999,-81.7214
WIN_21FLKWAT,POL-LULU-3,21FLKWAT: POL-LULU-3,27.99509999,-81.7179
WIN_21FLKWAT,POL-MARIANNA-1,21FLKWAT: POL-MARIANNA-1,28.0698,-81.7586
WIN_21FLKWAT,POL-MARIANNA-2,21FLKWAT: POL-MARIANNA-2,28.0743,-81.7664
WIN_21FLKWAT,POL-MARIANNA-3,21FLKWAT: POL-MARIANNA-3,28.0825,-81.763
WIN_21FLKWAT,POL-OTIS-1,21FLKWAT: POL-OTIS-1,28.01749999,-81.7117
WIN_21FLKWAT,POL-OTIS-2,21FLKWAT: POL-OTIS-2,28.01659999,-81.7112
WIN_21FLKWAT,POL-OTIS-3,21FLKWAT: POL-OTIS-3,28.01459999,-81.7101
WIN_21FLKWAT,POL-SCOTT-1,21FLKWAT: POL-SCOTT-1,27.9682,-81.9441
WIN_21FLKWAT,POL-SCOTT-2,21FLKWAT: POL-SCOTT-2,27.965,-81.9391
WIN_21FLKWAT,POL-SCOTT-3,21FLKWAT: POL-SCOTT-3,27.961,-81.9372
WIN_21FLKWAT,POL-SHIPP-1,21FLKWAT: POL-SHIPP-1,28.00049999,-81.7422
WIN_21FLKWAT,POL-SHIPP-2,21FLKWAT: POL-SHIPP-2,28.00269999,-81.7423
WIN_21FLKWAT,POL-SHIPP-3,21FLKWAT: POL-SHIPP-3,28.00459999,-81.7425
WIN_21FLKWAT,POL-WHISTLER-1,21FLKWAT: POL-WHISTLER-1,28.0882,-81.8119
WIN_21FLKWAT,POL-WHISTLER-2,21FLKWAT: POL-WHISTLER-2,28.0905,-81.8121
WIN_21FLKWAT,POL-WHISTLER-3,21FLKWAT: POL-WHISTLER-3,28.0929,-81.8123
WIN_21FLKWAT,SAR-EVMA1-1,21FLKWAT: SAR-EVMA1-1,27.0769,-82.3832
WIN_21FLKWAT,SAR-EVMA1-2,21FLKWAT: SAR-EVMA1-2,27.0752,-82.383
WIN_21FLKWAT,SAR-EVMA1-3,21FLKWAT: SAR-EVMA1-3,27.0746,-82.3826
WIN_21FLKWAT,SAR-EVMA2-1,21FLKWAT: SAR-EVMA2-1,27.0767,-82.3786
WIN_21FLKWAT,SAR-EVMA2-2,21FLKWAT: SAR-EVMA2-2,27.0765,-82.3783
WIN_21FLKWAT,SAR-EVMA2-3,21FLKWAT: SAR-EVMA2-3,27.0761,-82.378
WIN_21FLKWAT,SAR-EVMA3-1,21FLKWAT: SAR-EVMA3-1,27.0721,-82.38
WIN_21FLKWAT,SAR-EVMA3-2,21FLKWAT: SAR-EVMA3-2,27.0727,-82.3792
WIN_21FLKWAT,SAR-EVMA3-3,21FLKWAT: SAR-EVMA3-3,27.0729,-82.3784
WIN_21FLKWAT,SAR-EVMA4-1,21FLKWAT: SAR-EVMA4-1,27.0746,-82.3766
WIN_21FLKWAT,SAR-EVMA4-2,21FLKWAT: SAR-EVMA4-2,27.074,-82.3758
WIN_21FLKWAT,SAR-EVMA4-3,21FLKWAT: SAR-EVMA4-3,27.0745,-82.3745
WIN_21FLKWAT,SAR-SNOVER-WATERWAY-1-1,21FLKWAT: SAR-SNOVER-WATERWAY-1-1,27.07659999,-82.2058
WIN_21FLKWAT,SAR-SNOVER-WATERWAY-2-1,21FLKWAT: SAR-SNOVER-WATERWAY-2-1,27.07669999,-82.2124
WIN_21FLKWAT,SAR-SNOVER-WATERWAY-3-1,21FLKWAT: SAR-SNOVER-WATERWAY-3-1,27.07679999,-82.218
WIN_21FLKWAT,SAR-UPPERMYA-1,21FLKWAT: SAR-UPPERMYA-1,27.2753,-82.2799
WIN_21FLKWAT,SAR-UPPERMYA-2,21FLKWAT: SAR-UPPERMYA-2,27.2734,-82.2889
WIN_21FLKWAT,SAR-UPPERMYA-3,21FLKWAT: SAR-UPPERMYA-3,27.2723,-82.2998
WIN_21FLMANA,MR1,21FLMANA: MR1,27.2901666,-82.2455
WIN_21FLMANA,MR2,21FLMANA: MR2,27.3427777,-82.1569444
WIN_21FLPOLK,1-May,21FLPOLK: 1-May,28.01386111,-81.73683333
WIN_21FLPOLK,ALAFIA RVR2S,21FLPOLK: ALAFIA RVR2S,27.76719445,-81.99141667
WIN_21FLPOLK,ALFRED1,21FLPOLK: ALFRED1,28.09919445,-81.74225
WIN_21FLPOLK,ANNIE1,21FLPOLK: ANNIE1,27.99233333,-81.60688889
WIN_21FLPOLK,ARIANA1,21FLPOLK: ARIANA1,28.07852778,-81.79905556
WIN_21FLPOLK,BANANA14,21FLPOLK: BANANA14,27.97825,-81.90202778
WIN_21FLPOLK,BANANA3,21FLPOLK: BANANA3,27.97644445,-81.91325
WIN_21FLPOLK,BANANA4,21FLPOLK: BANANA4,27.98002778,-81.91175
WIN_21FLPOLK,BANANA8,21FLPOLK: BANANA8,27.99048222,-81.92375015
WIN_21FLPOLK,BLUE1,21FLPOLK: BLUE1,28.04786111,-81.77325
WIN_21FLPOLK,BONNY1,21FLPOLK: BONNY1,28.04055556,-81.92836111
WIN_21FLPOLK,BUCKEYE1,21FLPOLK: BUCKEYE1,28.04030556,-81.70611111
WIN_21FLPOLK,BUFFUM1,21FLPOLK: BUFFUM1,27.79913889,-81.66291667
WIN_21FLPOLK,CANNON1,21FLPOLK: CANNON1,28.03786111,-81.75252778
WIN_21FLPOLK,CARTER RD X PIT,21FLPOLK: CARTER RD X PIT,27.92386111,-81.96425
WIN_21FLPOLK,CONFUSION1,21FLPOLK: CONFUSION1,28.10969445,-81.65016667
WIN_21FLPOLK,CONINE1,21FLPOLK: CONINE1,28.05947222,-81.72444444
WIN_21FLPOLK,CROOKED3,21FLPOLK: CROOKED3,27.80886111,-81.57872222
WIN_21FLPOLK,CRYSTAL1,21FLPOLK: CRYSTAL1,28.02616667,-81.91002778
WIN_21FLPOLK,DAISY1,21FLPOLK: DAISY1,27.99619445,-81.65980556
WIN_21FLPOLK,DEER1,21FLPOLK: DEER1,28.02605556,-81.76294444
WIN_21FLPOLK,DEESON1,21FLPOLK: DEESON1,28.11258333,-81.93041667
WIN_21FLPOLK,EAGLE1,21FLPOLK: EAGLE1,27.98363889,-81.76838889
WIN_21FLPOLK,EASY1,21FLPOLK: EASY1,27.85751104,-81.56280293
WIN_21FLPOLK,ECHO1,21FLPOLK: ECHO1,28.08247222,-81.73427778
WIN_21FLPOLK,ELBERT1,21FLPOLK: ELBERT1,28.02627778,-81.70875
WIN_21FLPOLK,ELOISE1,21FLPOLK: ELOISE1,27.98452778,-81.70238889
WIN_21FLPOLK,EVA1N,21FLPOLK: EVA1N,28.09863889,-81.62897222
WIN_21FLPOLK,EVA1S,21FLPOLK: EVA1S,28.09261111,-81.62769444
WIN_21FLPOLK,FANNIE1,21FLPOLK: FANNIE1,28.05538889,-81.69
WIN_21FLPOLK,FT MEADE PIT NE,21FLPOLK: FT MEADE PIT NE,27.76063889,-81.80263889
WIN_21FLPOLK,FT MEADE PIT SW,21FLPOLK: FT MEADE PIT SW,27.75952778,-81.80433333
WIN_21FLPOLK,GARFIELD1,21FLPOLK: GARFIELD1,27.90372222,-81.73097222
WIN_21FLPOLK,GIBSON1,21FLPOLK: GIBSON1,28.10841667,-81.95861111
WIN_21FLPOLK,GRASSY1,21FLPOLK: GRASSY1,27.98952778,-81.77816667
WIN_21FLPOLK,HAINES1,21FLPOLK: HAINES1,28.09263889,-81.7054
WIN_21FLPOLK,HAMILTON1,21FLPOLK: HAMILTON1,28.04397222,-81.65122222
WIN_21FLPOLK,HARTRIDGE1,21FLPOLK: HARTRIDGE1,28.05552778,-81.74316667
WIN_21FLPOLK,HOLLINGSWORTH1,21FLPOLK: HOLLINGSWORTH1,28.02272222,-81.94538889
WIN_21FLPOLK,HOWARD1,21FLPOLK: HOWARD1,28.02327778,-81.74397222
WIN_21FLPOLK,HUNTER1,21FLPOLK: HUNTER1,28.03302778,-81.96577778
WIN_21FLPOLK,IDYLWILD1,21FLPOLK: IDYLWILD1,28.05055556,-81.75627778
WIN_21FLPOLK,JESSIE1,21FLPOLK: JESSIE1,28.05855556,-81.76358333
WIN_21FLPOLK,JOHN1,21FLPOLK: JOHN1,28.00091667,-81.94166667
WIN_21FLPOLK,JULIANA1,21FLPOLK: JULIANA1,28.13097222,-81.80213889
WIN_21FLPOLK,LENA RUN1,21FLPOLK: LENA RUN1,28.05144511,-81.80020749
WIN_21FLPOLK,LENA1,21FLPOLK: LENA1,28.066,-81.80961111
WIN_21FLPOLK,LINK1,21FLPOLK: LINK1,28.0175,-81.70611111
WIN_21FLPOLK,LTL BONNY1,21FLPOLK: LTL BONNY1,28.03047222,-81.92133333
WIN_21FLPOLK,LTL CROOKED1,21FLPOLK: LTL CROOKED1,27.76722222,-81.57458333
WIN_21FLPOLK,LTL EAGLE1,21FLPOLK: LTL EAGLE1,27.99613889,-81.76577778
WIN_21FLPOLK,LTL ELBERT1,21FLPOLK: LTL ELBERT1,28.02269445,-81.71486111
WIN_21FLPOLK,LTL HAMILTON1,21FLPOLK: LTL HAMILTON1,28.07116667,-81.63455556
WIN_21FLPOLK,LULU1,21FLPOLK: LULU1,27.99569445,-81.72105556
WIN_21FLPOLK,MARIAM1,21FLPOLK: MARIAM1,28.016,-81.69661111
WIN_21FLPOLK,MARIANA1,21FLPOLK: MARIANA1,28.07480556,-81.76141667
WIN_21FLPOLK,MARIE1N,21FLPOLK: MARIE1N,28.02141667,-81.60958333
WIN_21FLPOLK,MARTHA1,21FLPOLK: MARTHA1,28.02872222,-81.72127778
WIN_21FLPOLK,MATTIE1,21FLPOLK: MATTIE1,28.13605556,-81.77969444
WIN_21FLPOLK,MAUDE1,21FLPOLK: MAUDE1,28.03983333,-81.72127778
WIN_21FLPOLK,MCLEOD1,21FLPOLK: MCLEOD1,27.96830556,-81.75311111
WIN_21FLPOLK,MDL HAMILTON1,21FLPOLK: MDL HAMILTON1,28.06897222,-81.64861111
WIN_21FLPOLK,MENZIE1,21FLPOLK: MENZIE1,28.01905556,-81.61933333
WIN_21FLPOLK,MIRROR1,21FLPOLK: MIRROR1,28.03766667,-81.74163889
WIN_21FLPOLK,NED1,21FLPOLK: NED1,27.99666667,-81.6695
WIN_21FLPOLK,OTIS1N,21FLPOLK: OTIS1N,28.01611111,-81.71083333
WIN_21FLPOLK,P.C. CANAL8,21FLPOLK: P.C. CANAL8,27.92505556,-81.79566667
WIN_21FLPOLK,PANSY1,21FLPOLK: PANSY1,28.06802778,-81.743
WIN_21FLPOLK,PARKER1,21FLPOLK: PARKER1,28.06541667,-81.93202778
WIN_21FLPOLK,PEACE RVR10,21FLPOLK: PEACE RVR10,27.90144445,-81.81725
WIN_21FLPOLK,PEACE RVR78,21FLPOLK: PEACE RVR78,27.64611111,-81.80227778
WIN_21FLPOLK,ROCHELLE1,21FLPOLK: ROCHELLE1,28.07152778,-81.72102778
WIN_21FLPOLK,ROY1,21FLPOLK: ROY1,28.00197222,-81.70702778
WIN_21FLPOLK,SADDLE CRK PK X,21FLPOLK: SADDLE CRK PK X,28.04941667,-81.88077778
WIN_21FLPOLK,SADDLE CRK PK Y,21FLPOLK: SADDLE CRK PK Y,28.05569445,-81.88755556
WIN_21FLPOLK,SADDLE CRK1,21FLPOLK: SADDLE CRK1,28.00219445,-81.85147222
WIN_21FLPOLK,SADDLE CRK9,21FLPOLK: SADDLE CRK9,27.92255556,-81.82655556
WIN_21FLPOLK,SEARS1,21FLPOLK: SEARS1,28.00738889,-81.77316667
WIN_21FLPOLK,SHIPP1,21FLPOLK: SHIPP1,28.0025,-81.742
WIN_21FLPOLK,SILVER1,21FLPOLK: SILVER1,28.03166667,-81.72819444
WIN_21FLPOLK,SMART1,21FLPOLK: SMART1,28.05808333,-81.71175
WIN_21FLPOLK,SOMERSET1,21FLPOLK: SOMERSET1,28.00286111,-81.93108333
WIN_21FLPOLK,SPRING1,21FLPOLK: SPRING1,28.03819445,-81.73533333
WIN_21FLPOLK,SUMMIT1,21FLPOLK: SUMMIT1,27.99861111,-81.69508333
WIN_21FLPOLK,SURVEYORS1,21FLPOLK: SURVEYORS1,27.83561111,-81.69241667
WIN_21FLPOLK,SWOOPE1N,21FLPOLK: SWOOPE1N,28.10194445,-81.72513889
WIN_21FLPOLK,SWOOPE1S,21FLPOLK: SWOOPE1S,28.09875,-81.72836111
WIN_21FLPOLK,TENNESSEE1,21FLPOLK: TENNESSEE1,28.14525,-81.81305556
WIN_21FLPOLK,THOMAS1,21FLPOLK: THOMAS1,28.011,-81.78122222
WIN_21FLPOLK,TRACY1,21FLPOLK: TRACY1,28.11002778,-81.63386111
WIN_21FLPOLK,W BOWLEGS CRK1,21FLPOLK: W BOWLEGS CRK1,27.72117855,-81.78825672
WIN_21FLPOLK,WAHNETA CANAL6,21FLPOLK: WAHNETA CANAL6,27.93652778,-81.73177778
WIN_21FLPOLK,WAILES1,21FLPOLK: WAILES1,27.90152778,-81.57316667
WIN_21FLPOLK,WINTERSET1,21FLPOLK: WINTERSET1,27.97430556,-81.68225
WIN_21FLSBL,BLIND PASS 1-I,21FLSBL: BLIND PASS 1-I,26.48202778,-82.17893333
WIN_21FLSBL,BLIND PASS 2-I,21FLSBL: BLIND PASS 2-I,26.48294722,-82.1826
WIN_21FLSBL,BLIND PASS 2-O,21FLSBL: BLIND PASS 2-O,26.48271945,-82.18319167
WIN_21FLSBL,DINKINS BAYOU 1,21FLSBL: DINKINS BAYOU 1,26.48163889,-82.17433333
WIN_21FLSBL,SAN-WQ-1,21FLSBL: SAN-WQ-1,26.47374722,-82.16495556
WIN_21FLSBL,SAN-WQ-2,21FLSBL: SAN-WQ-2,26.46606667,-82.1599
WIN_21FLSBL,SAN-WQ-3,21FLSBL: SAN-WQ-3,26.44745833,-82.13169167
WIN_21FLSBL,SAN-WQ-4,21FLSBL: SAN-WQ-4,26.43758889,-82.10799722
WIN_21FLSBL,SAN-WQ-5,21FLSBL: SAN-WQ-5,26.43872222,-82.08782778
WIN_21FLSBL,SAN-WQ-6,21FLSBL: SAN-WQ-6,26.4374,-82.05826667
WIN_21FLSBL,SAN-WQ-7,21FLSBL: SAN-WQ-7,26.44151111,-82.04651944
WIN_21FLSBL,SAN-WQ-8,21FLSBL: SAN-WQ-8,26.44279722,-82.04003889
WIN_21FLSWFD,23917,21FLSWFD: 23917,27.49965556,-81.81037778
WIN_21FLSWFD,23949,21FLSWFD: 23949,27.48743177,-82.02334677
WIN_21FLSWFD,24049,21FLSWFD: 24049,27.19977778,-81.98780556
WIN_21FLSWFD,24431,21FLSWFD: 24431,27.16663889,-81.8795
WIN_21FLSWFD,24734,21FLSWFD: 24734,27.92495833,-81.72631111
WIN_21FLSWFD,24764,21FLSWFD: 24764,27.93835833,-81.85119167
WIN_21FLSWFD,24805,21FLSWFD: 24805,27.7517,-81.78189722
WIN_21FLSWFD,24833,21FLSWFD: 24833,27.90237222,-81.81760278
WIN_21FLSWFD,24866,21FLSWFD: 24866,27.69982778,-81.69521944
WIN_21FLSWFD,24878,21FLSWFD: 24878,27.70716111,-81.80752778
WIN_21FLSWFD,24942,21FLSWFD: 24942,27.620475,-81.82568611
WIN_21FLSWFD,25585,21FLSWFD: 25585,27.34383333,-82.15661111
WIN_21FLSWFD,25886,21FLSWFD: 25886,27.19340278,-82.14438333
WIN_21FLSWFD,25991,21FLSWFD: 25991,27.09989444,-82.20904722
WIN_21FLSWFD,25995,21FLSWFD: 25995,27.10033333,-82.27137222
WIN_21FLSWFD,26046,21FLSWFD: 26046,27.24044444,-82.31388889
WIN_21FLSWFD,26055,21FLSWFD: 26055,27.28947222,-82.34044444
WIN_21FLTPA,23010410,21FLTPA: 23010410,28.131306,-81.778333
WIN_CAPECRD,105,CAPECRD: 105,26.73917,-81.9275
WIN_CAPECRD,110,CAPECRD: 110,26.72583,-81.95722
WIN_CAPECRD,120,CAPECRD: 120,26.69861,-82.06389
WIN_CAPECRD,129,CAPECRD: 129,26.69417,-82.03694
WIN_CAPECRD,130,CAPECRD: 130,26.69417,-82.03889
WIN_CAPECRD,150,CAPECRD: 150,26.68611,-82.05611
WIN_CAPECRD,160,CAPECRD: 160,26.67806,-82.03778
WIN_CAPECRD,190,CAPECRD: 190,26.66917,-82.03806
WIN_CAPECRD,210,CAPECRD: 210,26.6625,-81.92917
WIN_CAPECRD,242,CAPECRD: 242,26.64389,-81.87417
WIN_CAPECRD,243,CAPECRD: 243,26.65194,-81.94861
WIN_CAPECRD,262,CAPECRD: 262,26.64639,-81.93472
WIN_CAPECRD,271,CAPECRD: 271,26.64278,-82.05583
WIN_CAPECRD,275,CAPECRD: 275,26.64361,-81.94583
WIN_CAPECRD,280,CAPECRD: 280,26.64139,-81.97111
WIN_CAPECRD,290,CAPECRD: 290,26.6375,-81.9775
WIN_CAPECRD,295,CAPECRD: 295,26.63639,-81.95806
WIN_CAPECRD,300,CAPECRD: 300,26.63667,-81.93083
WIN_CAPECRD,310,CAPECRD: 310,26.62944,-81.96778
WIN_CAPECRD,315,CAPECRD: 315,26.63056,-81.95111
WIN_CAPECRD,350,CAPECRD: 350,26.62278,-81.90972
WIN_CAPECRD,355,CAPECRD: 355,26.61444,-81.97528
WIN_CAPECRD,390,CAPECRD: 390,26.605,-81.96472
WIN_CAPECRD,400,CAPECRD: 400,26.59778,-81.94139
WIN_CAPECRD,430,CAPECRD: 430,26.58889,-81.97083
WIN_CAPECRD,445,CAPECRD: 445,26.59972,-82.03
WIN_CAPECRD,450,CAPECRD: 450,26.58361,-82.03583
WIN_CAPECRD,455,CAPECRD: 455,26.57639,-82.02417
WIN_CAPECRD,470,CAPECRD: 470,26.57694,-81.94389
WIN_CAPECRD,510,CAPECRD: 510,26.56361,-81.96361
WIN_CAPECRD,540,CAPECRD: 540,26.55222,-81.97444
WIN_CAPECRD,550,CAPECRD: 550,26.54861,-82.03389
WIN_CAPECRD,570,CAPECRD: 570,26.5475,-82.02472
WIN_CAPECRD,580,CAPECRD: 580,26.54278,-82.01778
WIN_CAPECRD,590,CAPECRD: 590,26.54306,-82.01083
WIN_CAPECRD,600,CAPECRD: 600,26.54222,-82.00361
WIN_CHNEPMP,211,CHNEPMP: 211,26.69228012,-82.12499324
WIN_CHNEPMP,212,CHNEPMP: 212,26.69228077,-82.10832788
WIN_CHNEPMP,222,CHNEPMP: 222,26.67561273,-82.10832714
WIN_CHNEPMP,223,CHNEPMP: 223,26.6756134,-82.09166158
WIN_CHNEPMP,232,CHNEPMP: 232,26.65894473,-82.1083262
WIN_CHNEPMP,233,CHNEPMP: 233,26.65894551,-82.09166053
WIN_CHNEPMP,246,CHNEPMP: 246,26.64227825,-82.07499414
WIN_CHNEPMP,247,CHNEPMP: 247,26.64227891,-82.05832869
WIN_CHNEPMP,257,CHNEPMP: 257,26.62561028,-82.0749934
WIN_CHNEPMP,258,CHNEPMP: 258,26.62561096,-82.05832786
WIN_CHNEPMP,268,CHNEPMP: 268,26.60894302,-82.05832713
WIN_CHNEPMP,270,CHNEPMP: 270,26.5830555,-82.2166666
WIN_CHNEPMP,280,CHNEPMP: 280,26.59227499,-82.05832632
WIN_CHNEPMP,290,CHNEPMP: 290,26.57560632,-82.07499107
WIN_CHNEPMP,291,CHNEPMP: 291,26.57560697,-82.05832559
WIN_CHNEPMP,302,CHNEPMP: 302,26.55893906,-82.05832476
WIN_CHNEPMP,311,CHNEPMP: 311,26.54227039,-82.07498952
WIN_CHNEPMP,312,CHNEPMP: 312,26.54227116,-82.058324
WIN_FLPRMRWS,PR10,FLPRMRWS: PR10,26.943926,-82.060335
WIN_FLPRMRWS,PR11,FLPRMRWS: PR11,26.9579011,-82.0248363
WIN_FLPRMRWS,PR12,FLPRMRWS: PR12,26.9869027,-81.992398
WIN_FLPRMRWS,PR13,FLPRMRWS: PR13,27.0233801,-81.989253
WIN_FLPRMRWS,PR14,FLPRMRWS: PR14,27.0558224,-81.9910861
WIN_FLPRMRWS,PR15,FLPRMRWS: PR15,27.0727585,-82.004641
WIN_FLPRMRWS,PR17,FLPRMRWS: PR17,27.0821329,-81.999044
WIN_FLPRMRWS,PR18,FLPRMRWS: PR18,27.088901,-81.9938016
WIN_FLPRMRWS,PR19,FLPRMRWS: PR19,27.0927695,-81.9829988
WIN_FLPRMRWS,PR21,FLPRMRWS: PR21,26.9566773,-82.0452516
WIN_FLPRMRWS,PR22,FLPRMRWS: PR22,26.9711241,-82.008383
WIN_FLPRMRWS,PR23,FLPRMRWS: PR23,27.0060034,-81.9867806
WIN_FLPRMRWS,PR24,FLPRMRWS: PR24,27.0435581,-81.9901767
WIN_FLPRMRWS,PR25,FLPRMRWS: PR25,27.0616857,-82.000788
WIN_FLPRMRWS,PR9,FLPRMRWS: PR9,26.8994623,-82.120805
WIN_FLPRMRWS,PR92,FLPRMRWS: PR92,26.9611555,-81.9988686
